<rss xmlns:atom="http://www.w3.org/2005/Atom" version="2.0">
    <channel>
        <title>Verónica Natalia Antelo - Autor - Encavernados</title>
        <link>http://localhost:1313/authors/ver%C3%B3nica-natalia-antelo/</link>
        <description>Verónica Natalia Antelo - Autor - Encavernados</description>
        <generator>Hugo -- gohugo.io</generator><language>es-ar</language><lastBuildDate>Wed, 24 Sep 2025 17:28:00 -0300</lastBuildDate><atom:link href="http://localhost:1313/authors/ver%C3%B3nica-natalia-antelo/" rel="self" type="application/rss+xml" /><item>
    <title>La noción de Patria en la filosofía Antigua</title>
    <link>http://localhost:1313/articulos/la-noci%C3%B3n-de-patria-en-la-filosof%C3%ADa-antigua/</link>
    <pubDate>Wed, 24 Sep 2025 17:28:00 -0300</pubDate><author>
                    <name>Verónica Natalia Antelo</name>
                </author><guid>http://localhost:1313/articulos/la-noci%C3%B3n-de-patria-en-la-filosof%C3%ADa-antigua/</guid>
    <description><![CDATA[<p><span style="font-weight: 400;">El tema propuesto resulta demasiado extenso para un an&aacute;lisis sistem&aacute;tico. Me limitar&eacute; a poner foco en el comentario de </span><em><span style="font-weight: 400;">La Il&iacute;ada</span></em><span style="font-weight: 400;">, en el fragmento de Her&aacute;clito DK B44 y en la &uacute;ltima parte del di&aacute;logo plat&oacute;nico el </span><em><span style="font-weight: 400;">Crit&oacute;n, </span></em><span style="font-weight: 400;">para evocar el sentimiento de la defensa de la patria.</span> <span style="font-weight: 400;">De &eacute;sta manera</span><em><span style="font-weight: 400;">, </span></em><span style="font-weight: 400;">se har&aacute; un recorrido desde la &eacute;poca arcaica hasta la Grecia Cl&aacute;sica.</span></p>]]></description>
</item></channel>
</rss>
