[{
    "title": "Filosofia y Creencia",
    "permalink": "/articulos/filosofia-y-creencia/",
    "date": "2025-10-07",
    "author": "Carlos Alberto Butavand",
    "categories": "articulos",
    "tags": [],
    "cover": "/media/texto-carlos.jpg",
    "youtube": "",
    "summary": "“Hagamos a los otros lo que quisiéramos que hicieran por nosotros \nen las mismas circunstancias”.\n\nPiotr Kropotkin\n"
  },{
    "title": "La noción de Patria en la filosofía Antigua",
    "permalink": "/articulos/la-noci%C3%B3n-de-patria-en-la-filosof%C3%ADa-antigua/",
    "date": "2025-09-24",
    "author": "Verónica Natalia Antelo",
    "categories": "articulos",
    "tags": [],
    "cover": "/media/patri-texto-antelo.jpg",
    "youtube": "",
    "summary": "El tema propuesto resulta demasiado extenso para un análisis sistemático. Me limitaré a poner foco en el comentario de La Ilíada, en el fragmento de Heráclito …"
  }]
