<rss xmlns:atom="http://www.w3.org/2005/Atom" version="2.0">
    <channel>
        <title>Carlos Alberto Butavand - Autor - Encavernados</title>
        <link>http://localhost:1313/authors/carlos-alberto-butavand/</link>
        <description>Carlos Alberto Butavand - Autor - Encavernados</description>
        <generator>Hugo -- gohugo.io</generator><language>es-ar</language><lastBuildDate>Tue, 07 Oct 2025 20:09:00 -0300</lastBuildDate><atom:link href="http://localhost:1313/authors/carlos-alberto-butavand/" rel="self" type="application/rss+xml" /><item>
    <title>Filosofia y Creencia</title>
    <link>http://localhost:1313/articulos/filosofia-y-creencia/</link>
    <pubDate>Tue, 07 Oct 2025 20:09:00 -0300</pubDate><author>
                    <name>Carlos Alberto Butavand</name>
                </author><guid>http://localhost:1313/articulos/filosofia-y-creencia/</guid>
    <description><![CDATA[<p><u>-FILOSOF&Iacute;A Y CREENCIA-</u></p>
<p><u>&nbsp;</u></p>
<p>&ldquo;Hagamos a los otros lo que quisi&eacute;ramos que hicieran por nosotros</p>
<p>en las mismas circunstancias&rdquo;.</p>
<p>&nbsp;</p>
<p>Piotr Kropotkin</p>
<p>&nbsp;</p>
<p>&nbsp;&nbsp;&nbsp;&nbsp;&nbsp;&nbsp;&nbsp;&nbsp; Jean Marie Guyau (1854-1888) es uno de los fil&oacute;sofos franceses m&aacute;s notables que jam&aacute;s haya existido. Fallecido a los 33 a&ntilde;os por el padecimiento de la tuberculosis, su obra result&oacute; cuantiosa y memorable para quienes hayan accedido a ella que no son muchos a juzgar por el desconocimiento general que hemos comprobado. La prensa y la difusi&oacute;n de este gran fil&oacute;sofo son casi nulas en el circuito acad&eacute;mico. La sospecha que tenemos de su escasa difusi&oacute;n y lectura se debe a que, seg&uacute;n Piotr Kropotkin, ser&iacute;a el fundador de la moral anarquista; moral anarquista tambi&eacute;n poco estudiada y rechazada por desconocimiento de su verdadero esp&iacute;ritu y contenido. Al anarquismo s&oacute;lo se lo despacha con un mero adjetivo de inaplicabilidad y de retrazo, adjetivos basados en el desconocimiento filos&oacute;fico que se cierne desde la antropolog&iacute;a y la moral.</p>]]></description>
</item></channel>
</rss>
