<rss xmlns:atom="http://www.w3.org/2005/Atom" version="2.0">
    <channel>
        <title>Categories - Categoría - Encavernados</title>
        <link>http://localhost:1313/categories/</link>
        <description>Categories - Categoría - Encavernados</description>
        <generator>Hugo -- gohugo.io</generator><language>es-ar</language><lastBuildDate>Tue, 07 Oct 2025 20:09:00 -0300</lastBuildDate><atom:link href="http://localhost:1313/categories/" rel="self" type="application/rss+xml" /><item>
    <title>Reflexiones</title>
    <link>http://localhost:1313/categories/reflexiones/</link>
    <pubDate>Tue, 07 Oct 2025 20:09:00 -0300</pubDate><author>
        <name>Autor</name>
    </author><guid>http://localhost:1313/categories/reflexiones/</guid>
    <description><![CDATA[]]></description>
</item><item>
    <title>Articulos</title>
    <link>http://localhost:1313/categories/articulos/</link>
    <pubDate>Wed, 24 Sep 2025 17:28:00 -0300</pubDate><author>
        <name>Autor</name>
    </author><guid>http://localhost:1313/categories/articulos/</guid>
    <description><![CDATA[]]></description>
</item></channel>
</rss>
