[{
      "title": "Verónica Natalia Antelo",
      "permalink": "/autores/veronica-natalia-antelo/",
      "date": "0001-01-01"
    },{
      "title": "María Nieves Ioannu",
      "permalink": "/autores/maria-nieves-ioannu/",
      "date": "0001-01-01"
    },{
      "title": "María Meza",
      "permalink": "/autores/maria-meza/",
      "date": "0001-01-01"
    },{
      "title": "Federico Sebastián Geréz",
      "permalink": "/autores/federico-sebastian-gerez/",
      "date": "0001-01-01"
    },{
      "title": "Carlos Alberto Butavand",
      "permalink": "/autores/carlos-alberto-butavand/",
      "date": "0001-01-01"
    }]