{
  "$schema": "http://json-schema.org/draft-07/schema",
  "$id": "http://hugodoit.pages.dev/schema.json",
  "title": "Hugo DoIt theme configuration",
  "description": "The configuration for the Hugo DoIt theme",
  "type": "object",
  "properties": {
    "baseURL": {
      "type": "string",
      "description": "Hostname (and path) to the root.",
      "examples": ["https://hugodoit.pages.dev"]
    },
    "defaultContentLanguage": {
      "type": "string",
      "description": "Content without language indicator will default to this language.",
      "examples": ["en", "zh-cn", "fr", "pl"],
      "default": "en"
    },
    "theme": {
      "type": ["string", "array"],
      "default": "DoIt",
      "minItems": 1,
      "pattern": "^DoIt$",
      "contains": {
        "pattern": "^DoIt$"
      }
    }
  },
  "required": ["theme"]
}
